file,id_sentence,sentence_begin,sentence_end,link,pairs_events
ES100447.xml,74,1079,1156,EVENTTLINKLink,[]
ES100526.xml,79,1720,1736,EVENTTLINKLink,[]
ES100320.xml,44,673,739,EVENTTLINKLink,[]
ES100519.xml,104,3355,3448,EVENTTLINKLink,[]
ES100445.xml,19,0,35,EVENTTLINKLink,[]
ES100445.xml,49,645,684,EVENTTLINKLink,[]
ES100445.xml,59,800,859,EVENTTLINKLink,[]
ES100521.xml,84,2218,2256,EVENTTLINKLink,[]
ES100736.xml,34,482,577,EVENTTLINKLink,[]
ES100050.xml,24,245,292,EVENTTLINKLink,[]
ES100050.xml,49,707,743,EVENTTLINKLink,[]
ES100091.xml,29,265,272,EVENTTLINKLink,[]
ES100091.xml,44,318,331,EVENTTLINKLink,[]
ES100091.xml,54,344,352,EVENTTLINKLink,[]
ES100091.xml,74,947,965,EVENTTLINKLink,[]
ES100278.xml,34,370,425,EVENTTLINKLink,[]
ES100578.xml,39,730,755,EVENTTLINKLink,[]
ES100578.xml,44,756,770,EVENTTLINKLink,[]
ES100587.xml,19,0,5,EVENTTLINKLink,[]
ES100587.xml,24,6,23,EVENTTLINKLink,[]
ES100587.xml,34,84,103,EVENTTLINKLink,[]
ES100587.xml,49,199,212,EVENTTLINKLink,[]
ES100587.xml,64,311,331,EVENTTLINKLink,[]
ES100633.xml,39,596,665,EVENTTLINKLink,[]
ES100631.xml,44,610,646,EVENTTLINKLink,[]
ES100552.xml,59,927,956,EVENTTLINKLink,[]
ES100778.xml,39,951,1003,EVENTTLINKLink,[]
ES100778.xml,54,1249,1330,EVENTTLINKLink,[]
ES100797.xml,54,1871,1970,EVENTTLINKLink,[]
ES100797.xml,64,2040,2171,EVENTTLINKLink,[]
ES100797.xml,74,2234,2286,EVENTTLINKLink,[]
ES100797.xml,84,2358,2404,EVENTTLINKLink,[]
ES100797.xml,89,2405,2464,EVENTTLINKLink,[]
ES100797.xml,94,2465,2509,EVENTTLINKLink,[]
ES100797.xml,104,2570,2655,EVENTTLINKLink,[]
ES100797.xml,109,2656,2717,EVENTTLINKLink,[]
ES100797.xml,114,2718,2831,EVENTTLINKLink,[]
ES100797.xml,124,2910,2929,EVENTTLINKLink,[]
ES100797.xml,129,2930,2988,EVENTTLINKLink,[]
ES100797.xml,134,2989,3049,EVENTTLINKLink,[]
ES100797.xml,139,3050,3066,EVENTTLINKLink,[]
ES100797.xml,144,3067,3170,EVENTTLINKLink,[]
ES100423.xml,54,956,1040,EVENTTLINKLink,[]
ES100030.xml,49,716,760,EVENTTLINKLink,[]
ES100178.xml,19,0,26,EVENTTLINKLink,[]
ES100178.xml,34,120,131,EVENTTLINKLink,[]
ES100178.xml,44,246,253,EVENTTLINKLink,[]
ES100363.xml,59,884,913,EVENTTLINKLink,[]
ES100363.xml,74,1025,1054,EVENTTLINKLink,[]
ES100363.xml,89,1196,1214,EVENTTLINKLink,[]
ES100363.xml,99,1249,1292,EVENTTLINKLink,[]
ES100002.xml,44,571,575,EVENTTLINKLink,[]
ES100002.xml,54,603,631,EVENTTLINKLink,[]
ES100002.xml,69,818,860,EVENTTLINKLink,[]
ES100002.xml,84,1021,1065,EVENTTLINKLink,[]
ES100002.xml,114,1585,1619,EVENTTLINKLink,[]
ES100994.xml,7513,0,47,EVENTTLINKLink,[]
ES100177.xml,24,117,260,EVENTTLINKLink,[]
ES100177.xml,54,731,775,EVENTTLINKLink,[]
ES100417.xml,39,415,460,EVENTTLINKLink,[]
ES100417.xml,49,632,659,EVENTTLINKLink,[]
ES100417.xml,79,1380,1415,EVENTTLINKLink,[]
ES100832.xml,74,1911,1912,EVENTTLINKLink,[]
ES100832.xml,79,1914,1940,EVENTTLINKLink,[]
ES100832.xml,89,1965,1966,EVENTTLINKLink,[]
ES100832.xml,94,1968,2057,EVENTTLINKLink,[]
ES100832.xml,99,2057,2058,EVENTTLINKLink,[]
ES100832.xml,109,2116,2117,EVENTTLINKLink,[]
ES100832.xml,114,2119,2195,EVENTTLINKLink,[]
ES100832.xml,119,2195,2196,EVENTTLINKLink,[]
ES100946.xml,8237,766,911,EVENTTLINKLink,[]
ES100946.xml,8262,2199,2396,EVENTTLINKLink,[]
ES100946.xml,8277,2613,2717,EVENTTLINKLink,[]
ES100947.xml,29,149,159,EVENTTLINKLink,[]
ES100947.xml,34,160,209,EVENTTLINKLink,[]
ES100947.xml,59,645,698,EVENTTLINKLink,[]
ES100819.xml,19,0,63,EVENTTLINKLink,[]
ES100819.xml,44,681,729,EVENTTLINKLink,[]
ES100819.xml,59,1048,1049,EVENTTLINKLink,[]
ES100819.xml,69,1259,1348,EVENTTLINKLink,[]
ES100819.xml,79,1539,1630,EVENTTLINKLink,[]
ES100819.xml,94,1762,1763,EVENTTLINKLink,[]
ES100819.xml,114,2189,2190,EVENTTLINKLink,[]
ES100819.xml,129,2394,2423,EVENTTLINKLink,[]
ES100819.xml,154,2834,2858,EVENTTLINKLink,[]
ES100561.xml,39,1338,1361,EVENTTLINKLink,[]
ES100561.xml,54,1698,1721,EVENTTLINKLink,[]
ES100561.xml,74,2177,2200,EVENTTLINKLink,[]
ES100978.xml,69,894,936,EVENTTLINKLink,[]
ES100978.xml,79,964,986,EVENTTLINKLink,[]
ES100978.xml,89,1062,1093,EVENTTLINKLink,[]
ES100978.xml,99,1143,1164,EVENTTLINKLink,[]
ES100978.xml,109,1304,1371,EVENTTLINKLink,[]
ES100978.xml,119,1410,1438,EVENTTLINKLink,[]
ES100978.xml,134,1598,1639,EVENTTLINKLink,[]
ES100978.xml,169,3096,3173,EVENTTLINKLink,[]
ES100937.xml,79,1985,2050,EVENTTLINKLink,[]
ES100063.xml,39,406,442,EVENTTLINKLink,[]
ES100063.xml,129,2673,2737,EVENTTLINKLink,[]
ES100063.xml,139,2840,2895,EVENTTLINKLink,[]
ES100840.xml,64,2259,2309,EVENTTLINKLink,[]
ES100713.xml,84,1822,1944,EVENTTLINKLink,[]
ES100896.xml,59,941,977,EVENTTLINKLink,[]
ES100896.xml,74,1136,1174,EVENTTLINKLink,[]
ES100896.xml,99,1866,1908,EVENTTLINKLink,[]
ES100064.xml,89,2269,2312,EVENTTLINKLink,[]
ES100663.xml,29,505,506,EVENTTLINKLink,[]
ES100663.xml,39,656,657,EVENTTLINKLink,[]
ES100663.xml,49,792,793,EVENTTLINKLink,[]
ES100663.xml,89,1641,1642,EVENTTLINKLink,[]
ES100663.xml,104,1838,1839,EVENTTLINKLink,[]
ES100663.xml,114,2045,2046,EVENTTLINKLink,[]
ES100098.xml,64,1667,1696,EVENTTLINKLink,[]
ES100098.xml,74,1778,1811,EVENTTLINKLink,[]
ES100098.xml,89,1992,2029,EVENTTLINKLink,[]
ES100098.xml,114,2760,2824,EVENTTLINKLink,[]
ES100112.xml,39,578,611,EVENTTLINKLink,[]
ES100112.xml,49,685,717,EVENTTLINKLink,[]
ES100304.xml,49,869,942,EVENTTLINKLink,[]
ES100447.xml,24,122,194,TIMEX3TimexLinkLink,[]
ES100447.xml,29,195,312,TIMEX3TimexLinkLink,[]
ES100447.xml,44,534,600,TIMEX3TimexLinkLink,[]
ES100447.xml,49,601,667,TIMEX3TimexLinkLink,[]
ES100447.xml,54,668,788,TIMEX3TimexLinkLink,[]
ES100447.xml,59,789,901,TIMEX3TimexLinkLink,[]
ES100447.xml,64,902,981,TIMEX3TimexLinkLink,[]
ES100447.xml,69,982,1078,TIMEX3TimexLinkLink,[]
ES100447.xml,74,1079,1156,TIMEX3TimexLinkLink,[]
ES100447.xml,79,1160,1372,TIMEX3TimexLinkLink,[]
ES100447.xml,84,1374,1561,TIMEX3TimexLinkLink,[]
ES100686.xml,1460,150,375,TIMEX3TimexLinkLink,[]
ES100526.xml,19,0,116,TIMEX3TimexLinkLink,[]
ES100526.xml,34,427,606,TIMEX3TimexLinkLink,[]
ES100526.xml,39,607,674,TIMEX3TimexLinkLink,[]
ES100526.xml,44,676,820,TIMEX3TimexLinkLink,[]
ES100526.xml,49,821,928,TIMEX3TimexLinkLink,[]
ES100526.xml,54,929,1023,TIMEX3TimexLinkLink,[]
ES100526.xml,59,1025,1122,TIMEX3TimexLinkLink,[]
ES100526.xml,64,1123,1338,TIMEX3TimexLinkLink,[]
ES100526.xml,69,1339,1527,TIMEX3TimexLinkLink,[]
ES100526.xml,74,1528,1719,TIMEX3TimexLinkLink,[]
ES100526.xml,79,1720,1736,TIMEX3TimexLinkLink,[]
ES100526.xml,84,1737,1803,TIMEX3TimexLinkLink,[]
ES100526.xml,89,1807,1973,TIMEX3TimexLinkLink,[]
ES100042.xml,29,493,831,TIMEX3TimexLinkLink,[]
ES100042.xml,34,832,909,TIMEX3TimexLinkLink,[]
ES100042.xml,44,1195,1675,TIMEX3TimexLinkLink,[]
ES100042.xml,54,2156,2675,TIMEX3TimexLinkLink,[]
ES100650.xml,19,0,215,TIMEX3TimexLinkLink,[]
ES100650.xml,24,216,638,TIMEX3TimexLinkLink,[]
ES100650.xml,29,639,1002,TIMEX3TimexLinkLink,[]
ES100650.xml,39,1348,1655,TIMEX3TimexLinkLink,[]
ES100650.xml,44,1656,1754,TIMEX3TimexLinkLink,[]
ES100320.xml,24,173,295,TIMEX3TimexLinkLink,[]
ES100320.xml,29,296,381,TIMEX3TimexLinkLink,[]
ES100320.xml,34,382,505,TIMEX3TimexLinkLink,[]
ES100320.xml,39,506,672,TIMEX3TimexLinkLink,[]
ES100320.xml,44,673,739,TIMEX3TimexLinkLink,[]
ES100320.xml,49,740,987,TIMEX3TimexLinkLink,[]
ES100320.xml,54,988,1066,TIMEX3TimexLinkLink,[]
ES100320.xml,59,1067,1220,TIMEX3TimexLinkLink,[]
ES100320.xml,64,1221,1586,TIMEX3TimexLinkLink,[]
ES100320.xml,69,1587,1668,TIMEX3TimexLinkLink,[]
ES100320.xml,74,1669,1842,TIMEX3TimexLinkLink,[]
ES100320.xml,84,1978,2227,TIMEX3TimexLinkLink,[]
ES100320.xml,94,2420,2559,TIMEX3TimexLinkLink,[]
ES100320.xml,99,2560,2726,TIMEX3TimexLinkLink,[]
ES100320.xml,104,2727,2873,TIMEX3TimexLinkLink,[]
ES100320.xml,109,2874,2961,TIMEX3TimexLinkLink,[]
ES100320.xml,114,2962,3075,TIMEX3TimexLinkLink,[]
ES100320.xml,119,3079,3288,TIMEX3TimexLinkLink,[]
ES100320.xml,124,3289,3562,TIMEX3TimexLinkLink,[]
ES100320.xml,129,3563,3784,TIMEX3TimexLinkLink,[]
ES100280.xml,1702,0,181,TIMEX3TimexLinkLink,[]
ES100280.xml,1712,274,361,TIMEX3TimexLinkLink,[]
ES100280.xml,1717,363,447,TIMEX3TimexLinkLink,[]
ES100280.xml,1727,522,668,TIMEX3TimexLinkLink,[]
ES100519.xml,19,0,133,TIMEX3TimexLinkLink,[]
ES100519.xml,24,134,198,TIMEX3TimexLinkLink,[]
ES100519.xml,39,512,693,TIMEX3TimexLinkLink,[]
ES100519.xml,44,695,937,TIMEX3TimexLinkLink,[]
ES100519.xml,49,938,1284,TIMEX3TimexLinkLink,[]
ES100519.xml,54,1288,1450,TIMEX3TimexLinkLink,[]
ES100519.xml,84,2741,2910,TIMEX3TimexLinkLink,[]
ES100519.xml,89,2912,3123,TIMEX3TimexLinkLink,[]
ES100519.xml,94,3125,3259,TIMEX3TimexLinkLink,[]
ES100519.xml,104,3355,3448,TIMEX3TimexLinkLink,[]
ES100519.xml,109,3449,3591,TIMEX3TimexLinkLink,[]
ES100727.xml,19,0,86,TIMEX3TimexLinkLink,[]
ES100727.xml,24,87,332,TIMEX3TimexLinkLink,[]
ES100727.xml,29,333,507,TIMEX3TimexLinkLink,[]
ES100727.xml,34,508,611,TIMEX3TimexLinkLink,[]
ES100727.xml,39,615,797,TIMEX3TimexLinkLink,[]
ES100727.xml,44,798,941,TIMEX3TimexLinkLink,[]
ES100727.xml,49,942,1262,TIMEX3TimexLinkLink,[]
ES100727.xml,59,1526,1778,TIMEX3TimexLinkLink,[]
ES100727.xml,64,1779,1959,TIMEX3TimexLinkLink,[]
ES100727.xml,69,1960,2208,TIMEX3TimexLinkLink,[]
ES100727.xml,79,2349,2549,TIMEX3TimexLinkLink,[]
ES100727.xml,99,3147,3318,TIMEX3TimexLinkLink,[]
ES100848.xml,24,98,285,TIMEX3TimexLinkLink,[]
ES100848.xml,29,286,395,TIMEX3TimexLinkLink,[]
ES100848.xml,34,396,463,TIMEX3TimexLinkLink,[]
ES100848.xml,39,464,623,TIMEX3TimexLinkLink,[]
ES100848.xml,49,856,950,TIMEX3TimexLinkLink,[]
ES100848.xml,59,1197,1354,TIMEX3TimexLinkLink,[]
ES100848.xml,64,1355,1461,TIMEX3TimexLinkLink,[]
ES100848.xml,69,1465,1613,TIMEX3TimexLinkLink,[]
ES100848.xml,74,1614,1841,TIMEX3TimexLinkLink,[]
ES100445.xml,19,0,35,TIMEX3TimexLinkLink,[]
ES100445.xml,24,36,88,TIMEX3TimexLinkLink,[]
ES100445.xml,29,89,225,TIMEX3TimexLinkLink,[]
ES100445.xml,34,226,341,TIMEX3TimexLinkLink,[]
ES100445.xml,39,342,426,TIMEX3TimexLinkLink,[]
ES100445.xml,44,427,644,TIMEX3TimexLinkLink,[]
ES100445.xml,49,645,684,TIMEX3TimexLinkLink,[]
ES100445.xml,54,685,799,TIMEX3TimexLinkLink,[]
ES100445.xml,59,800,859,TIMEX3TimexLinkLink,[]
ES100445.xml,64,860,1008,TIMEX3TimexLinkLink,[]
ES100079.xml,19,0,218,TIMEX3TimexLinkLink,[]
ES100079.xml,24,219,329,TIMEX3TimexLinkLink,[]
ES100079.xml,29,330,590,TIMEX3TimexLinkLink,[]
ES100079.xml,34,591,735,TIMEX3TimexLinkLink,[]
ES100079.xml,39,736,894,TIMEX3TimexLinkLink,[]
ES100079.xml,44,896,1170,TIMEX3TimexLinkLink,[]
ES100079.xml,49,1171,1438,TIMEX3TimexLinkLink,[]
ES100079.xml,54,1442,1895,TIMEX3TimexLinkLink,[]
ES100079.xml,64,2609,2866,TIMEX3TimexLinkLink,[]
ES100737.xml,24,323,580,TIMEX3TimexLinkLink,[]
ES100737.xml,29,582,660,TIMEX3TimexLinkLink,[]
ES100737.xml,34,661,967,TIMEX3TimexLinkLink,[]
ES100737.xml,39,969,1135,TIMEX3TimexLinkLink,[]
ES100737.xml,44,1137,1335,TIMEX3TimexLinkLink,[]
ES100737.xml,49,1336,1567,TIMEX3TimexLinkLink,[]
ES100737.xml,54,1568,1684,TIMEX3TimexLinkLink,[]
ES100051.xml,19,0,179,TIMEX3TimexLinkLink,[]
ES100051.xml,24,180,285,TIMEX3TimexLinkLink,[]
ES100051.xml,29,286,478,TIMEX3TimexLinkLink,[]
ES100051.xml,34,479,528,TIMEX3TimexLinkLink,[]
ES100051.xml,39,529,585,TIMEX3TimexLinkLink,[]
ES100051.xml,44,587,667,TIMEX3TimexLinkLink,[]
ES100051.xml,49,668,861,TIMEX3TimexLinkLink,[]
ES100051.xml,54,862,920,TIMEX3TimexLinkLink,[]
ES100521.xml,24,103,265,TIMEX3TimexLinkLink,[]
ES100521.xml,34,364,510,TIMEX3TimexLinkLink,[]
ES100521.xml,49,817,980,TIMEX3TimexLinkLink,[]
ES100521.xml,54,981,1260,TIMEX3TimexLinkLink,[]
ES100521.xml,79,2145,2217,TIMEX3TimexLinkLink,[]
ES100521.xml,84,2218,2256,TIMEX3TimexLinkLink,[]
ES100521.xml,94,2357,2545,TIMEX3TimexLinkLink,[]
ES100521.xml,99,2547,2777,TIMEX3TimexLinkLink,[]
ES100521.xml,109,3080,3150,TIMEX3TimexLinkLink,[]
ES100521.xml,119,3301,3341,TIMEX3TimexLinkLink,[]
ES100284.xml,24,399,748,TIMEX3TimexLinkLink,[]
ES100284.xml,29,750,929,TIMEX3TimexLinkLink,[]
ES100284.xml,34,930,1066,TIMEX3TimexLinkLink,[]
ES100284.xml,39,1067,1353,TIMEX3TimexLinkLink,[]
ES100284.xml,44,1354,1511,TIMEX3TimexLinkLink,[]
ES100284.xml,54,1636,1832,TIMEX3TimexLinkLink,[]
ES100736.xml,34,482,577,TIMEX3TimexLinkLink,[]
ES100736.xml,39,578,703,TIMEX3TimexLinkLink,[]
ES100736.xml,44,704,867,TIMEX3TimexLinkLink,[]
ES100736.xml,54,1025,1216,TIMEX3TimexLinkLink,[]
ES100736.xml,64,1365,1393,TIMEX3TimexLinkLink,[]
ES100736.xml,79,1722,1792,TIMEX3TimexLinkLink,[]
ES100736.xml,84,1793,1983,TIMEX3TimexLinkLink,[]
ES100736.xml,89,1984,2092,TIMEX3TimexLinkLink,[]
ES100736.xml,94,2093,2297,TIMEX3TimexLinkLink,[]
ES100736.xml,99,2298,2392,TIMEX3TimexLinkLink,[]
ES100736.xml,104,2393,2526,TIMEX3TimexLinkLink,[]
ES100736.xml,109,2527,2675,TIMEX3TimexLinkLink,[]
ES100736.xml,114,2676,2810,TIMEX3TimexLinkLink,[]
ES100736.xml,119,2811,2891,TIMEX3TimexLinkLink,[]
ES100736.xml,124,2892,3014,TIMEX3TimexLinkLink,[]
ES100050.xml,24,245,292,TIMEX3TimexLinkLink,[]
ES100050.xml,29,293,337,TIMEX3TimexLinkLink,[]
ES100050.xml,34,338,526,TIMEX3TimexLinkLink,[]
ES100050.xml,39,527,600,TIMEX3TimexLinkLink,[]
ES100050.xml,44,601,706,TIMEX3TimexLinkLink,[]
ES100050.xml,49,707,743,TIMEX3TimexLinkLink,[]
ES100050.xml,54,744,768,TIMEX3TimexLinkLink,[]
ES100050.xml,59,769,1034,TIMEX3TimexLinkLink,[]
ES100050.xml,64,1035,1126,TIMEX3TimexLinkLink,[]
ES100642.xml,19,0,212,TIMEX3TimexLinkLink,[]
ES100642.xml,24,213,295,TIMEX3TimexLinkLink,[]
ES100642.xml,39,758,881,TIMEX3TimexLinkLink,[]
ES100091.xml,24,177,264,TIMEX3TimexLinkLink,[]
ES100091.xml,29,265,272,TIMEX3TimexLinkLink,[]
ES100091.xml,34,273,295,TIMEX3TimexLinkLink,[]
ES100091.xml,44,318,331,TIMEX3TimexLinkLink,[]
ES100091.xml,49,332,343,TIMEX3TimexLinkLink,[]
ES100091.xml,54,344,352,TIMEX3TimexLinkLink,[]
ES100091.xml,64,690,860,TIMEX3TimexLinkLink,[]
ES100091.xml,69,862,946,TIMEX3TimexLinkLink,[]
ES100091.xml,74,947,965,TIMEX3TimexLinkLink,[]
ES100091.xml,79,966,1008,TIMEX3TimexLinkLink,[]
ES100091.xml,84,1009,1124,TIMEX3TimexLinkLink,[]
ES100091.xml,89,1125,1179,TIMEX3TimexLinkLink,[]
ES100091.xml,94,1180,1299,TIMEX3TimexLinkLink,[]
ES100091.xml,99,1303,1407,TIMEX3TimexLinkLink,[]
ES100091.xml,104,1409,1525,TIMEX3TimexLinkLink,[]
ES100091.xml,109,1527,1836,TIMEX3TimexLinkLink,[]
ES100091.xml,114,1837,1935,TIMEX3TimexLinkLink,[]
ES100278.xml,19,0,63,TIMEX3TimexLinkLink,[]
ES100278.xml,24,64,139,TIMEX3TimexLinkLink,[]
ES100278.xml,34,370,425,TIMEX3TimexLinkLink,[]
ES100278.xml,39,426,540,TIMEX3TimexLinkLink,[]
ES100278.xml,44,541,761,TIMEX3TimexLinkLink,[]
ES100278.xml,49,762,867,TIMEX3TimexLinkLink,[]
ES100278.xml,54,868,1171,TIMEX3TimexLinkLink,[]
ES100278.xml,59,1172,1434,TIMEX3TimexLinkLink,[]
ES100278.xml,64,1435,1620,TIMEX3TimexLinkLink,[]
ES100278.xml,69,1621,1818,TIMEX3TimexLinkLink,[]
ES100278.xml,74,1819,1958,TIMEX3TimexLinkLink,[]
ES100278.xml,79,1959,2067,TIMEX3TimexLinkLink,[]
ES100278.xml,84,2068,2277,TIMEX3TimexLinkLink,[]
ES100278.xml,89,2279,2412,TIMEX3TimexLinkLink,[]
ES100278.xml,94,2413,2513,TIMEX3TimexLinkLink,[]
ES100278.xml,99,2514,2635,TIMEX3TimexLinkLink,[]
ES100278.xml,119,3097,3158,TIMEX3TimexLinkLink,[]
ES100791.xml,24,153,234,TIMEX3TimexLinkLink,[]
ES100791.xml,29,235,307,TIMEX3TimexLinkLink,[]
ES100578.xml,19,0,262,TIMEX3TimexLinkLink,[]
ES100578.xml,24,263,368,TIMEX3TimexLinkLink,[]
ES100578.xml,29,369,630,TIMEX3TimexLinkLink,[]
ES100578.xml,34,631,729,TIMEX3TimexLinkLink,[]
ES100578.xml,39,730,755,TIMEX3TimexLinkLink,[]
ES100578.xml,44,756,770,TIMEX3TimexLinkLink,[]
ES100578.xml,49,771,882,TIMEX3TimexLinkLink,[]
ES100578.xml,59,1052,1155,TIMEX3TimexLinkLink,[]
ES100578.xml,64,1156,1446,TIMEX3TimexLinkLink,[]
ES100578.xml,69,1447,1520,TIMEX3TimexLinkLink,[]
ES100587.xml,19,0,5,TIMEX3TimexLinkLink,[]
ES100587.xml,24,6,23,TIMEX3TimexLinkLink,[]
ES100587.xml,29,24,83,TIMEX3TimexLinkLink,[]
ES100587.xml,34,84,103,TIMEX3TimexLinkLink,[]
ES100587.xml,39,104,127,TIMEX3TimexLinkLink,[]
ES100587.xml,44,128,198,TIMEX3TimexLinkLink,[]
ES100587.xml,49,199,212,TIMEX3TimexLinkLink,[]
ES100587.xml,54,213,238,TIMEX3TimexLinkLink,[]
ES100587.xml,59,239,310,TIMEX3TimexLinkLink,[]
ES100587.xml,64,311,331,TIMEX3TimexLinkLink,[]
ES100587.xml,69,332,350,TIMEX3TimexLinkLink,[]
ES100587.xml,74,351,529,TIMEX3TimexLinkLink,[]
ES100182.xml,19,0,213,TIMEX3TimexLinkLink,[]
ES100182.xml,24,214,421,TIMEX3TimexLinkLink,[]
ES100182.xml,29,422,511,TIMEX3TimexLinkLink,[]
ES100182.xml,34,512,670,TIMEX3TimexLinkLink,[]
ES100182.xml,39,671,807,TIMEX3TimexLinkLink,[]
ES100633.xml,24,99,261,TIMEX3TimexLinkLink,[]
ES100633.xml,29,262,440,TIMEX3TimexLinkLink,[]
ES100633.xml,39,596,665,TIMEX3TimexLinkLink,[]
ES100631.xml,24,175,311,TIMEX3TimexLinkLink,[]
ES100631.xml,29,312,452,TIMEX3TimexLinkLink,[]
ES100631.xml,34,453,502,TIMEX3TimexLinkLink,[]
ES100631.xml,39,503,609,TIMEX3TimexLinkLink,[]
ES100631.xml,44,610,646,TIMEX3TimexLinkLink,[]
ES100631.xml,49,647,919,TIMEX3TimexLinkLink,[]
ES100631.xml,54,920,1158,TIMEX3TimexLinkLink,[]
ES100631.xml,59,1159,1611,TIMEX3TimexLinkLink,[]
ES100631.xml,64,1612,1816,TIMEX3TimexLinkLink,[]
ES100631.xml,69,1817,2011,TIMEX3TimexLinkLink,[]
ES100631.xml,74,2012,2356,TIMEX3TimexLinkLink,[]
ES100631.xml,79,2357,2470,TIMEX3TimexLinkLink,[]
ES100143.xml,19,0,52,TIMEX3TimexLinkLink,[]
ES100143.xml,24,53,263,TIMEX3TimexLinkLink,[]
ES100143.xml,29,264,328,TIMEX3TimexLinkLink,[]
ES100143.xml,34,329,448,TIMEX3TimexLinkLink,[]
ES100143.xml,39,449,582,TIMEX3TimexLinkLink,[]
ES100143.xml,49,774,821,TIMEX3TimexLinkLink,[]
ES100962.xml,19,0,135,TIMEX3TimexLinkLink,[]
ES100962.xml,24,136,393,TIMEX3TimexLinkLink,[]
ES100962.xml,29,394,530,TIMEX3TimexLinkLink,[]
ES100962.xml,34,532,777,TIMEX3TimexLinkLink,[]
ES100962.xml,39,778,863,TIMEX3TimexLinkLink,[]
ES100962.xml,44,864,1170,TIMEX3TimexLinkLink,[]
ES100962.xml,49,1172,1293,TIMEX3TimexLinkLink,[]
ES100962.xml,54,1294,1461,TIMEX3TimexLinkLink,[]
ES100962.xml,59,1462,1575,TIMEX3TimexLinkLink,[]
ES100962.xml,74,1927,1989,TIMEX3TimexLinkLink,[]
ES100552.xml,29,240,365,TIMEX3TimexLinkLink,[]
ES100552.xml,34,367,478,TIMEX3TimexLinkLink,[]
ES100552.xml,39,479,586,TIMEX3TimexLinkLink,[]
ES100552.xml,44,588,675,TIMEX3TimexLinkLink,[]
ES100552.xml,49,676,825,TIMEX3TimexLinkLink,[]
ES100552.xml,54,826,926,TIMEX3TimexLinkLink,[]
ES100552.xml,59,927,956,TIMEX3TimexLinkLink,[]
ES100552.xml,64,957,990,TIMEX3TimexLinkLink,[]
ES100552.xml,69,992,1126,TIMEX3TimexLinkLink,[]
ES100552.xml,79,1220,1399,TIMEX3TimexLinkLink,[]
ES100552.xml,84,1401,1555,TIMEX3TimexLinkLink,[]
ES100552.xml,89,1556,1638,TIMEX3TimexLinkLink,[]
ES100552.xml,94,1640,1912,TIMEX3TimexLinkLink,[]
ES100778.xml,19,0,240,TIMEX3TimexLinkLink,[]
ES100778.xml,39,951,1003,TIMEX3TimexLinkLink,[]
ES100778.xml,49,1090,1248,TIMEX3TimexLinkLink,[]
ES100778.xml,54,1249,1330,TIMEX3TimexLinkLink,[]
ES100803.xml,19,0,121,TIMEX3TimexLinkLink,[]
ES100803.xml,29,234,354,TIMEX3TimexLinkLink,[]
ES100634.xml,24,94,262,TIMEX3TimexLinkLink,[]
ES100634.xml,29,263,428,TIMEX3TimexLinkLink,[]
ES100797.xml,24,340,460,TIMEX3TimexLinkLink,[]
ES100797.xml,54,1871,1970,TIMEX3TimexLinkLink,[]
ES100797.xml,59,1971,2039,TIMEX3TimexLinkLink,[]
ES100797.xml,64,2040,2171,TIMEX3TimexLinkLink,[]
ES100797.xml,69,2172,2233,TIMEX3TimexLinkLink,[]
ES100797.xml,74,2234,2286,TIMEX3TimexLinkLink,[]
ES100797.xml,79,2287,2358,TIMEX3TimexLinkLink,[]
ES100797.xml,84,2358,2404,TIMEX3TimexLinkLink,[]
ES100797.xml,89,2405,2464,TIMEX3TimexLinkLink,[]
ES100797.xml,94,2465,2509,TIMEX3TimexLinkLink,[]
ES100797.xml,99,2510,2569,TIMEX3TimexLinkLink,[]
ES100797.xml,104,2570,2655,TIMEX3TimexLinkLink,[]
ES100797.xml,109,2656,2717,TIMEX3TimexLinkLink,[]
ES100797.xml,114,2718,2831,TIMEX3TimexLinkLink,[]
ES100797.xml,119,2832,2909,TIMEX3TimexLinkLink,[]
ES100797.xml,124,2910,2929,TIMEX3TimexLinkLink,[]
ES100797.xml,129,2930,2988,TIMEX3TimexLinkLink,[]
ES100797.xml,134,2989,3049,TIMEX3TimexLinkLink,[]
ES100797.xml,139,3050,3066,TIMEX3TimexLinkLink,[]
ES100797.xml,144,3067,3170,TIMEX3TimexLinkLink,[]
ES100797.xml,149,3171,3224,TIMEX3TimexLinkLink,[]
ES100594.xml,24,238,600,TIMEX3TimexLinkLink,[]
ES100594.xml,29,601,878,TIMEX3TimexLinkLink,[]
ES100594.xml,34,879,1026,TIMEX3TimexLinkLink,[]
ES100594.xml,39,1027,1478,TIMEX3TimexLinkLink,[]
ES100594.xml,44,1482,1586,TIMEX3TimexLinkLink,[]
ES100594.xml,49,1588,1852,TIMEX3TimexLinkLink,[]
ES100594.xml,54,1854,1970,TIMEX3TimexLinkLink,[]
ES100423.xml,19,0,214,TIMEX3TimexLinkLink,[]
ES100423.xml,44,788,878,TIMEX3TimexLinkLink,[]
ES100423.xml,49,879,955,TIMEX3TimexLinkLink,[]
ES100423.xml,54,956,1040,TIMEX3TimexLinkLink,[]
ES100423.xml,59,1041,1193,TIMEX3TimexLinkLink,[]
ES100423.xml,64,1194,1239,TIMEX3TimexLinkLink,[]
ES100423.xml,69,1243,1444,TIMEX3TimexLinkLink,[]
ES100423.xml,74,1445,1528,TIMEX3TimexLinkLink,[]
ES100423.xml,79,1529,1589,TIMEX3TimexLinkLink,[]
ES100423.xml,89,1685,1768,TIMEX3TimexLinkLink,[]
ES100423.xml,94,1769,1832,TIMEX3TimexLinkLink,[]
ES100423.xml,99,1833,1907,TIMEX3TimexLinkLink,[]
ES100423.xml,104,1909,2004,TIMEX3TimexLinkLink,[]
ES100569.xml,19,0,147,TIMEX3TimexLinkLink,[]
ES100569.xml,24,148,257,TIMEX3TimexLinkLink,[]
ES100569.xml,29,258,519,TIMEX3TimexLinkLink,[]
ES100569.xml,34,520,602,TIMEX3TimexLinkLink,[]
ES100569.xml,39,603,807,TIMEX3TimexLinkLink,[]
ES100569.xml,44,808,882,TIMEX3TimexLinkLink,[]
ES100569.xml,54,983,1055,TIMEX3TimexLinkLink,[]
ES100030.xml,24,131,288,TIMEX3TimexLinkLink,[]
ES100030.xml,29,289,392,TIMEX3TimexLinkLink,[]
ES100030.xml,34,396,444,TIMEX3TimexLinkLink,[]
ES100030.xml,39,445,560,TIMEX3TimexLinkLink,[]
ES100030.xml,44,561,715,TIMEX3TimexLinkLink,[]
ES100030.xml,49,716,760,TIMEX3TimexLinkLink,[]
ES100030.xml,54,761,905,TIMEX3TimexLinkLink,[]
ES100178.xml,19,0,26,TIMEX3TimexLinkLink,[]
ES100178.xml,24,28,78,TIMEX3TimexLinkLink,[]
ES100178.xml,34,120,131,TIMEX3TimexLinkLink,[]
ES100178.xml,39,132,245,TIMEX3TimexLinkLink,[]
ES100178.xml,44,246,253,TIMEX3TimexLinkLink,[]
ES100178.xml,49,255,345,TIMEX3TimexLinkLink,[]
ES100178.xml,74,687,777,TIMEX3TimexLinkLink,[]
ES100420.xml,19,0,153,TIMEX3TimexLinkLink,[]
ES100420.xml,24,155,373,TIMEX3TimexLinkLink,[]
ES100420.xml,29,375,491,TIMEX3TimexLinkLink,[]
ES100420.xml,34,492,657,TIMEX3TimexLinkLink,[]
ES100420.xml,39,658,757,TIMEX3TimexLinkLink,[]
ES100420.xml,44,758,822,TIMEX3TimexLinkLink,[]
ES100420.xml,54,902,1245,TIMEX3TimexLinkLink,[]
ES100420.xml,69,1426,1514,TIMEX3TimexLinkLink,[]
ES100420.xml,79,1642,1859,TIMEX3TimexLinkLink,[]
ES100363.xml,24,157,195,TIMEX3TimexLinkLink,[]
ES100363.xml,29,196,318,TIMEX3TimexLinkLink,[]
ES100363.xml,39,475,585,TIMEX3TimexLinkLink,[]
ES100363.xml,44,589,672,TIMEX3TimexLinkLink,[]
ES100363.xml,49,673,851,TIMEX3TimexLinkLink,[]
ES100363.xml,54,852,883,TIMEX3TimexLinkLink,[]
ES100363.xml,59,884,913,TIMEX3TimexLinkLink,[]
ES100363.xml,64,914,977,TIMEX3TimexLinkLink,[]
ES100363.xml,69,978,1024,TIMEX3TimexLinkLink,[]
ES100363.xml,74,1025,1054,TIMEX3TimexLinkLink,[]
ES100363.xml,79,1055,1081,TIMEX3TimexLinkLink,[]
ES100363.xml,84,1082,1195,TIMEX3TimexLinkLink,[]
ES100363.xml,89,1196,1214,TIMEX3TimexLinkLink,[]
ES100363.xml,94,1215,1248,TIMEX3TimexLinkLink,[]
ES100363.xml,99,1249,1292,TIMEX3TimexLinkLink,[]
ES100363.xml,104,1293,1320,TIMEX3TimexLinkLink,[]
ES100363.xml,109,1321,1385,TIMEX3TimexLinkLink,[]
ES100363.xml,114,1386,1803,TIMEX3TimexLinkLink,[]
ES100363.xml,119,1804,1922,TIMEX3TimexLinkLink,[]
ES100363.xml,124,1923,2380,TIMEX3TimexLinkLink,[]
ES100363.xml,129,2381,2447,TIMEX3TimexLinkLink,[]
ES100363.xml,134,2448,2525,TIMEX3TimexLinkLink,[]
ES100001.xml,29,262,470,TIMEX3TimexLinkLink,[]
ES100001.xml,34,471,731,TIMEX3TimexLinkLink,[]
ES100001.xml,39,732,803,TIMEX3TimexLinkLink,[]
ES100571.xml,29,325,537,TIMEX3TimexLinkLink,[]
ES100571.xml,34,538,716,TIMEX3TimexLinkLink,[]
ES100571.xml,39,717,770,TIMEX3TimexLinkLink,[]
ES100571.xml,49,1105,1167,TIMEX3TimexLinkLink,[]
ES100571.xml,54,1168,1277,TIMEX3TimexLinkLink,[]
ES100571.xml,59,1278,1379,TIMEX3TimexLinkLink,[]
ES100571.xml,64,1380,1442,TIMEX3TimexLinkLink,[]
ES100571.xml,69,1443,1643,TIMEX3TimexLinkLink,[]
ES100571.xml,74,1644,1850,TIMEX3TimexLinkLink,[]
ES100571.xml,79,1854,2019,TIMEX3TimexLinkLink,[]
ES100571.xml,84,2020,2226,TIMEX3TimexLinkLink,[]
ES100571.xml,89,2228,2671,TIMEX3TimexLinkLink,[]
ES100571.xml,99,3110,3263,TIMEX3TimexLinkLink,[]
ES100571.xml,109,3552,3611,TIMEX3TimexLinkLink,[]
ES100809.xml,19,0,299,TIMEX3TimexLinkLink,[]
ES100809.xml,24,300,526,TIMEX3TimexLinkLink,[]
ES100809.xml,29,528,1276,TIMEX3TimexLinkLink,[]
ES100809.xml,49,2352,2761,TIMEX3TimexLinkLink,[]
ES100809.xml,59,2861,2956,TIMEX3TimexLinkLink,[]
ES100410.xml,24,222,426,TIMEX3TimexLinkLink,[]
ES100410.xml,29,427,635,TIMEX3TimexLinkLink,[]
ES100410.xml,39,980,1196,TIMEX3TimexLinkLink,[]
ES100410.xml,54,1867,2014,TIMEX3TimexLinkLink,[]
ES100412.xml,4380,0,153,TIMEX3TimexLinkLink,[]
ES100412.xml,4385,154,284,TIMEX3TimexLinkLink,[]
ES100412.xml,4390,285,395,TIMEX3TimexLinkLink,[]
ES100412.xml,4395,396,504,TIMEX3TimexLinkLink,[]
ES100412.xml,4400,505,637,TIMEX3TimexLinkLink,[]
ES100412.xml,4405,638,822,TIMEX3TimexLinkLink,[]
ES100412.xml,4410,823,918,TIMEX3TimexLinkLink,[]
ES100412.xml,4415,919,1082,TIMEX3TimexLinkLink,[]
ES100412.xml,4420,1086,1198,TIMEX3TimexLinkLink,[]
ES100412.xml,4425,1199,1479,TIMEX3TimexLinkLink,[]
ES100412.xml,4430,1481,1886,TIMEX3TimexLinkLink,[]
ES100412.xml,4435,1887,1968,TIMEX3TimexLinkLink,[]
ES100412.xml,4440,1969,2135,TIMEX3TimexLinkLink,[]
ES100002.xml,19,0,86,TIMEX3TimexLinkLink,[]
ES100002.xml,24,87,174,TIMEX3TimexLinkLink,[]
ES100002.xml,29,175,420,TIMEX3TimexLinkLink,[]
ES100002.xml,39,498,570,TIMEX3TimexLinkLink,[]
ES100002.xml,44,571,575,TIMEX3TimexLinkLink,[]
ES100002.xml,49,576,602,TIMEX3TimexLinkLink,[]
ES100002.xml,54,603,631,TIMEX3TimexLinkLink,[]
ES100002.xml,59,632,679,TIMEX3TimexLinkLink,[]
ES100002.xml,64,681,817,TIMEX3TimexLinkLink,[]
ES100002.xml,69,818,860,TIMEX3TimexLinkLink,[]
ES100002.xml,74,861,904,TIMEX3TimexLinkLink,[]
ES100002.xml,79,905,1020,TIMEX3TimexLinkLink,[]
ES100002.xml,84,1021,1065,TIMEX3TimexLinkLink,[]
ES100002.xml,89,1067,1152,TIMEX3TimexLinkLink,[]
ES100002.xml,94,1154,1341,TIMEX3TimexLinkLink,[]
ES100002.xml,99,1345,1431,TIMEX3TimexLinkLink,[]
ES100002.xml,104,1433,1486,TIMEX3TimexLinkLink,[]
ES100002.xml,109,1487,1584,TIMEX3TimexLinkLink,[]
ES100002.xml,114,1585,1619,TIMEX3TimexLinkLink,[]
ES100002.xml,124,1828,2091,TIMEX3TimexLinkLink,[]
ES100994.xml,7513,0,47,TIMEX3TimexLinkLink,[]
ES100994.xml,7518,48,140,TIMEX3TimexLinkLink,[]
ES100994.xml,7528,346,448,TIMEX3TimexLinkLink,[]
ES100994.xml,7533,449,629,TIMEX3TimexLinkLink,[]
ES100994.xml,7538,630,736,TIMEX3TimexLinkLink,[]
ES100994.xml,7543,737,790,TIMEX3TimexLinkLink,[]
ES100994.xml,7548,791,861,TIMEX3TimexLinkLink,[]
ES100994.xml,7553,862,995,TIMEX3TimexLinkLink,[]
ES100994.xml,7558,996,1175,TIMEX3TimexLinkLink,[]
ES100994.xml,7563,1176,1240,TIMEX3TimexLinkLink,[]
ES100994.xml,7568,1241,1311,TIMEX3TimexLinkLink,[]
ES100994.xml,7573,1312,1467,TIMEX3TimexLinkLink,[]
ES100994.xml,7578,1468,1684,TIMEX3TimexLinkLink,[]
ES100994.xml,7588,1851,1968,TIMEX3TimexLinkLink,[]
ES100994.xml,7593,1969,2142,TIMEX3TimexLinkLink,[]
ES100994.xml,7598,2143,2234,TIMEX3TimexLinkLink,[]
ES100994.xml,7603,2235,2436,TIMEX3TimexLinkLink,[]
ES100994.xml,7608,2437,2520,TIMEX3TimexLinkLink,[]
ES100994.xml,7613,2524,2707,TIMEX3TimexLinkLink,[]
ES100214.xml,34,912,1026,TIMEX3TimexLinkLink,[]
ES100605.xml,19,0,106,TIMEX3TimexLinkLink,[]
ES100605.xml,24,107,354,TIMEX3TimexLinkLink,[]
ES100605.xml,34,504,621,TIMEX3TimexLinkLink,[]
ES100605.xml,39,622,874,TIMEX3TimexLinkLink,[]
ES100163.xml,24,289,332,TIMEX3TimexLinkLink,[]
ES100163.xml,29,333,480,TIMEX3TimexLinkLink,[]
ES100163.xml,34,482,635,TIMEX3TimexLinkLink,[]
ES100163.xml,39,637,846,TIMEX3TimexLinkLink,[]
ES100163.xml,44,848,941,TIMEX3TimexLinkLink,[]
ES100177.xml,19,0,115,TIMEX3TimexLinkLink,[]
ES100177.xml,24,117,260,TIMEX3TimexLinkLink,[]
ES100177.xml,29,262,324,TIMEX3TimexLinkLink,[]
ES100177.xml,34,325,406,TIMEX3TimexLinkLink,[]
ES100177.xml,49,645,730,TIMEX3TimexLinkLink,[]
ES100177.xml,54,731,775,TIMEX3TimexLinkLink,[]
ES100177.xml,64,818,854,TIMEX3TimexLinkLink,[]
ES100417.xml,19,0,79,TIMEX3TimexLinkLink,[]
ES100417.xml,24,80,193,TIMEX3TimexLinkLink,[]
ES100417.xml,29,194,319,TIMEX3TimexLinkLink,[]
ES100417.xml,34,320,413,TIMEX3TimexLinkLink,[]
ES100417.xml,39,415,460,TIMEX3TimexLinkLink,[]
ES100417.xml,49,632,659,TIMEX3TimexLinkLink,[]
ES100417.xml,54,660,715,TIMEX3TimexLinkLink,[]
ES100417.xml,59,717,900,TIMEX3TimexLinkLink,[]
ES100417.xml,64,901,1092,TIMEX3TimexLinkLink,[]
ES100417.xml,69,1093,1308,TIMEX3TimexLinkLink,[]
ES100417.xml,74,1309,1379,TIMEX3TimexLinkLink,[]
ES100417.xml,79,1380,1415,TIMEX3TimexLinkLink,[]
ES100417.xml,84,1417,1637,TIMEX3TimexLinkLink,[]
ES100417.xml,89,1638,1728,TIMEX3TimexLinkLink,[]
ES100417.xml,94,1729,1820,TIMEX3TimexLinkLink,[]
ES100417.xml,99,1821,1907,TIMEX3TimexLinkLink,[]
ES100417.xml,104,1908,1998,TIMEX3TimexLinkLink,[]
ES100417.xml,109,1999,2114,TIMEX3TimexLinkLink,[]
ES100417.xml,114,2115,2151,TIMEX3TimexLinkLink,[]
ES100417.xml,119,2152,2250,TIMEX3TimexLinkLink,[]
ES100417.xml,124,2251,2407,TIMEX3TimexLinkLink,[]
ES100417.xml,129,2409,2582,TIMEX3TimexLinkLink,[]
ES100417.xml,134,2583,2687,TIMEX3TimexLinkLink,[]
ES100417.xml,139,2688,2839,TIMEX3TimexLinkLink,[]
ES100417.xml,144,2841,2989,TIMEX3TimexLinkLink,[]
ES100417.xml,149,2990,3121,TIMEX3TimexLinkLink,[]
ES100417.xml,154,3123,3210,TIMEX3TimexLinkLink,[]
ES100417.xml,159,3211,3339,TIMEX3TimexLinkLink,[]
ES100832.xml,24,254,394,TIMEX3TimexLinkLink,[]
ES100832.xml,29,395,485,TIMEX3TimexLinkLink,[]
ES100832.xml,39,681,890,TIMEX3TimexLinkLink,[]
ES100832.xml,44,891,944,TIMEX3TimexLinkLink,[]
ES100832.xml,49,945,1108,TIMEX3TimexLinkLink,[]
ES100832.xml,59,1359,1460,TIMEX3TimexLinkLink,[]
ES100832.xml,64,1462,1730,TIMEX3TimexLinkLink,[]
ES100832.xml,69,1734,1911,TIMEX3TimexLinkLink,[]
ES100832.xml,74,1911,1912,TIMEX3TimexLinkLink,[]
ES100832.xml,79,1914,1940,TIMEX3TimexLinkLink,[]
ES100832.xml,84,1941,1965,TIMEX3TimexLinkLink,[]
ES100832.xml,89,1965,1966,TIMEX3TimexLinkLink,[]
ES100832.xml,94,1968,2057,TIMEX3TimexLinkLink,[]
ES100832.xml,99,2057,2058,TIMEX3TimexLinkLink,[]
ES100832.xml,104,2060,2116,TIMEX3TimexLinkLink,[]
ES100832.xml,109,2116,2117,TIMEX3TimexLinkLink,[]
ES100832.xml,114,2119,2195,TIMEX3TimexLinkLink,[]
ES100832.xml,119,2195,2196,TIMEX3TimexLinkLink,[]
ES100832.xml,124,2200,2336,TIMEX3TimexLinkLink,[]
ES100832.xml,129,2340,2654,TIMEX3TimexLinkLink,[]
ES100832.xml,134,2656,2929,TIMEX3TimexLinkLink,[]
ES100832.xml,139,2930,3078,TIMEX3TimexLinkLink,[]
ES100832.xml,144,3080,3232,TIMEX3TimexLinkLink,[]
ES100832.xml,149,3233,3396,TIMEX3TimexLinkLink,[]
ES100832.xml,154,3397,3469,TIMEX3TimexLinkLink,[]
ES100832.xml,159,3471,3557,TIMEX3TimexLinkLink,[]
ES100832.xml,164,3559,3780,TIMEX3TimexLinkLink,[]
ES100775.xml,24,122,200,TIMEX3TimexLinkLink,[]
ES100775.xml,29,201,365,TIMEX3TimexLinkLink,[]
ES100775.xml,39,631,729,TIMEX3TimexLinkLink,[]
ES100946.xml,8207,85,223,TIMEX3TimexLinkLink,[]
ES100946.xml,8212,224,320,TIMEX3TimexLinkLink,[]
ES100946.xml,8217,321,426,TIMEX3TimexLinkLink,[]
ES100946.xml,8222,427,627,TIMEX3TimexLinkLink,[]
ES100946.xml,8227,628,724,TIMEX3TimexLinkLink,[]
ES100946.xml,8237,766,911,TIMEX3TimexLinkLink,[]
ES100946.xml,8242,912,1122,TIMEX3TimexLinkLink,[]
ES100946.xml,8247,1123,1704,TIMEX3TimexLinkLink,[]
ES100946.xml,8252,1705,1803,TIMEX3TimexLinkLink,[]
ES100946.xml,8257,1805,2197,TIMEX3TimexLinkLink,[]
ES100946.xml,8262,2199,2396,TIMEX3TimexLinkLink,[]
ES100946.xml,8267,2397,2504,TIMEX3TimexLinkLink,[]
ES100946.xml,8272,2505,2612,TIMEX3TimexLinkLink,[]
ES100946.xml,8277,2613,2717,TIMEX3TimexLinkLink,[]
ES100946.xml,8282,2718,2799,TIMEX3TimexLinkLink,[]
ES100946.xml,8287,2801,3012,TIMEX3TimexLinkLink,[]
ES100946.xml,8292,3013,3193,TIMEX3TimexLinkLink,[]
ES100946.xml,8297,3194,3341,TIMEX3TimexLinkLink,[]
ES100946.xml,8302,3343,3544,TIMEX3TimexLinkLink,[]
ES100947.xml,19,0,71,TIMEX3TimexLinkLink,[]
ES100947.xml,24,72,148,TIMEX3TimexLinkLink,[]
ES100947.xml,29,149,159,TIMEX3TimexLinkLink,[]
ES100947.xml,34,160,209,TIMEX3TimexLinkLink,[]
ES100947.xml,44,302,474,TIMEX3TimexLinkLink,[]
ES100947.xml,49,475,549,TIMEX3TimexLinkLink,[]
ES100947.xml,54,550,643,TIMEX3TimexLinkLink,[]
ES100947.xml,59,645,698,TIMEX3TimexLinkLink,[]
ES100947.xml,64,699,887,TIMEX3TimexLinkLink,[]
ES100947.xml,69,888,995,TIMEX3TimexLinkLink,[]
ES100947.xml,79,1125,1285,TIMEX3TimexLinkLink,[]
ES100947.xml,84,1286,1340,TIMEX3TimexLinkLink,[]
ES100947.xml,94,1520,1648,TIMEX3TimexLinkLink,[]
ES100947.xml,99,1649,1750,TIMEX3TimexLinkLink,[]
ES100760.xml,34,612,726,TIMEX3TimexLinkLink,[]
ES100760.xml,39,727,916,TIMEX3TimexLinkLink,[]
ES100760.xml,44,918,1142,TIMEX3TimexLinkLink,[]
ES100760.xml,54,1477,1730,TIMEX3TimexLinkLink,[]
ES100760.xml,59,1732,1838,TIMEX3TimexLinkLink,[]
ES100760.xml,64,1839,2053,TIMEX3TimexLinkLink,[]
ES100819.xml,19,0,63,TIMEX3TimexLinkLink,[]
ES100819.xml,24,64,131,TIMEX3TimexLinkLink,[]
ES100819.xml,34,248,405,TIMEX3TimexLinkLink,[]
ES100819.xml,39,406,680,TIMEX3TimexLinkLink,[]
ES100819.xml,44,681,729,TIMEX3TimexLinkLink,[]
ES100819.xml,49,730,932,TIMEX3TimexLinkLink,[]
ES100819.xml,59,1048,1049,TIMEX3TimexLinkLink,[]
ES100819.xml,64,1051,1255,TIMEX3TimexLinkLink,[]
ES100819.xml,69,1259,1348,TIMEX3TimexLinkLink,[]
ES100819.xml,74,1349,1537,TIMEX3TimexLinkLink,[]
ES100819.xml,79,1539,1630,TIMEX3TimexLinkLink,[]
ES100819.xml,84,1631,1705,TIMEX3TimexLinkLink,[]
ES100819.xml,89,1706,1762,TIMEX3TimexLinkLink,[]
ES100819.xml,94,1762,1763,TIMEX3TimexLinkLink,[]
ES100819.xml,99,1765,2044,TIMEX3TimexLinkLink,[]
ES100819.xml,104,2045,2102,TIMEX3TimexLinkLink,[]
ES100819.xml,109,2103,2189,TIMEX3TimexLinkLink,[]
ES100819.xml,114,2189,2190,TIMEX3TimexLinkLink,[]
ES100819.xml,124,2331,2393,TIMEX3TimexLinkLink,[]
ES100819.xml,129,2394,2423,TIMEX3TimexLinkLink,[]
ES100819.xml,134,2424,2478,TIMEX3TimexLinkLink,[]
ES100819.xml,139,2480,2628,TIMEX3TimexLinkLink,[]
ES100819.xml,144,2629,2690,TIMEX3TimexLinkLink,[]
ES100819.xml,149,2694,2833,TIMEX3TimexLinkLink,[]
ES100819.xml,154,2834,2858,TIMEX3TimexLinkLink,[]
ES100819.xml,159,2862,3073,TIMEX3TimexLinkLink,[]
ES100819.xml,179,3406,3503,TIMEX3TimexLinkLink,[]
ES100789.xml,19,0,188,TIMEX3TimexLinkLink,[]
ES100561.xml,29,701,1124,TIMEX3TimexLinkLink,[]
ES100561.xml,39,1338,1361,TIMEX3TimexLinkLink,[]
ES100561.xml,44,1362,1561,TIMEX3TimexLinkLink,[]
ES100561.xml,49,1562,1697,TIMEX3TimexLinkLink,[]
ES100561.xml,54,1698,1721,TIMEX3TimexLinkLink,[]
ES100561.xml,59,1722,1805,TIMEX3TimexLinkLink,[]
ES100561.xml,64,1809,1985,TIMEX3TimexLinkLink,[]
ES100561.xml,69,1986,2176,TIMEX3TimexLinkLink,[]
ES100561.xml,74,2177,2200,TIMEX3TimexLinkLink,[]
ES100978.xml,24,91,226,TIMEX3TimexLinkLink,[]
ES100978.xml,29,227,312,TIMEX3TimexLinkLink,[]
ES100978.xml,34,313,398,TIMEX3TimexLinkLink,[]
ES100978.xml,39,399,485,TIMEX3TimexLinkLink,[]
ES100978.xml,44,486,605,TIMEX3TimexLinkLink,[]
ES100978.xml,49,606,647,TIMEX3TimexLinkLink,[]
ES100978.xml,54,648,711,TIMEX3TimexLinkLink,[]
ES100978.xml,59,712,818,TIMEX3TimexLinkLink,[]
ES100978.xml,64,820,893,TIMEX3TimexLinkLink,[]
ES100978.xml,69,894,936,TIMEX3TimexLinkLink,[]
ES100978.xml,74,937,963,TIMEX3TimexLinkLink,[]
ES100978.xml,79,964,986,TIMEX3TimexLinkLink,[]
ES100978.xml,84,987,1061,TIMEX3TimexLinkLink,[]
ES100978.xml,89,1062,1093,TIMEX3TimexLinkLink,[]
ES100978.xml,94,1094,1142,TIMEX3TimexLinkLink,[]
ES100978.xml,99,1143,1164,TIMEX3TimexLinkLink,[]
ES100978.xml,104,1165,1303,TIMEX3TimexLinkLink,[]
ES100978.xml,109,1304,1371,TIMEX3TimexLinkLink,[]
ES100978.xml,114,1372,1409,TIMEX3TimexLinkLink,[]
ES100978.xml,119,1410,1438,TIMEX3TimexLinkLink,[]
ES100978.xml,124,1440,1508,TIMEX3TimexLinkLink,[]
ES100978.xml,129,1509,1597,TIMEX3TimexLinkLink,[]
ES100978.xml,134,1598,1639,TIMEX3TimexLinkLink,[]
ES100978.xml,139,1640,1978,TIMEX3TimexLinkLink,[]
ES100978.xml,144,1979,2023,TIMEX3TimexLinkLink,[]
ES100978.xml,154,2319,2629,TIMEX3TimexLinkLink,[]
ES100978.xml,159,2630,2959,TIMEX3TimexLinkLink,[]
ES100978.xml,164,2961,3095,TIMEX3TimexLinkLink,[]
ES100978.xml,169,3096,3173,TIMEX3TimexLinkLink,[]
ES100978.xml,174,3174,3256,TIMEX3TimexLinkLink,[]
ES100978.xml,179,3258,3338,TIMEX3TimexLinkLink,[]
ES100978.xml,184,3339,3381,TIMEX3TimexLinkLink,[]
ES100978.xml,189,3382,3458,TIMEX3TimexLinkLink,[]
ES100937.xml,24,236,452,TIMEX3TimexLinkLink,[]
ES100937.xml,29,453,544,TIMEX3TimexLinkLink,[]
ES100937.xml,49,1168,1226,TIMEX3TimexLinkLink,[]
ES100937.xml,54,1227,1370,TIMEX3TimexLinkLink,[]
ES100937.xml,59,1371,1489,TIMEX3TimexLinkLink,[]
ES100937.xml,69,1646,1853,TIMEX3TimexLinkLink,[]
ES100937.xml,79,1985,2050,TIMEX3TimexLinkLink,[]
ES100513.xml,19,0,98,TIMEX3TimexLinkLink,[]
ES100513.xml,24,99,319,TIMEX3TimexLinkLink,[]
ES100513.xml,29,321,581,TIMEX3TimexLinkLink,[]
ES100063.xml,24,180,230,TIMEX3TimexLinkLink,[]
ES100063.xml,29,232,347,TIMEX3TimexLinkLink,[]
ES100063.xml,34,348,405,TIMEX3TimexLinkLink,[]
ES100063.xml,39,406,442,TIMEX3TimexLinkLink,[]
ES100063.xml,44,444,485,TIMEX3TimexLinkLink,[]
ES100063.xml,49,486,692,TIMEX3TimexLinkLink,[]
ES100063.xml,54,694,872,TIMEX3TimexLinkLink,[]
ES100063.xml,59,874,985,TIMEX3TimexLinkLink,[]
ES100063.xml,64,986,1022,TIMEX3TimexLinkLink,[]
ES100063.xml,69,1024,1192,TIMEX3TimexLinkLink,[]
ES100063.xml,74,1193,1281,TIMEX3TimexLinkLink,[]
ES100063.xml,79,1282,1338,TIMEX3TimexLinkLink,[]
ES100063.xml,84,1340,1560,TIMEX3TimexLinkLink,[]
ES100063.xml,89,1562,1704,TIMEX3TimexLinkLink,[]
ES100063.xml,94,1705,1801,TIMEX3TimexLinkLink,[]
ES100063.xml,99,1802,2100,TIMEX3TimexLinkLink,[]
ES100063.xml,114,2232,2388,TIMEX3TimexLinkLink,[]
ES100063.xml,119,2389,2477,TIMEX3TimexLinkLink,[]
ES100063.xml,124,2479,2672,TIMEX3TimexLinkLink,[]
ES100063.xml,129,2673,2737,TIMEX3TimexLinkLink,[]
ES100063.xml,134,2738,2838,TIMEX3TimexLinkLink,[]
ES100063.xml,139,2840,2895,TIMEX3TimexLinkLink,[]
ES100705.xml,4198,0,117,TIMEX3TimexLinkLink,[]
ES100705.xml,4203,118,431,TIMEX3TimexLinkLink,[]
ES100705.xml,4208,432,588,TIMEX3TimexLinkLink,[]
ES100705.xml,4213,592,712,TIMEX3TimexLinkLink,[]
ES100705.xml,4218,714,868,TIMEX3TimexLinkLink,[]
ES100705.xml,4223,869,977,TIMEX3TimexLinkLink,[]
ES100705.xml,4228,979,1107,TIMEX3TimexLinkLink,[]
ES100705.xml,4233,1108,1295,TIMEX3TimexLinkLink,[]
ES100705.xml,4238,1299,1391,TIMEX3TimexLinkLink,[]
ES100705.xml,4243,1392,1512,TIMEX3TimexLinkLink,[]
ES100659.xml,19,0,133,TIMEX3TimexLinkLink,[]
ES100659.xml,29,229,327,TIMEX3TimexLinkLink,[]
ES100659.xml,34,328,421,TIMEX3TimexLinkLink,[]
ES100659.xml,39,422,571,TIMEX3TimexLinkLink,[]
ES100659.xml,44,572,679,TIMEX3TimexLinkLink,[]
ES100659.xml,49,680,731,TIMEX3TimexLinkLink,[]
ES100840.xml,29,468,797,TIMEX3TimexLinkLink,[]
ES100840.xml,34,798,1028,TIMEX3TimexLinkLink,[]
ES100840.xml,39,1029,1244,TIMEX3TimexLinkLink,[]
ES100840.xml,44,1245,1386,TIMEX3TimexLinkLink,[]
ES100840.xml,49,1387,1718,TIMEX3TimexLinkLink,[]
ES100840.xml,59,1939,2258,TIMEX3TimexLinkLink,[]
ES100840.xml,64,2259,2309,TIMEX3TimexLinkLink,[]
ES100840.xml,69,2310,2438,TIMEX3TimexLinkLink,[]
ES100840.xml,74,2439,2619,TIMEX3TimexLinkLink,[]
ES100840.xml,79,2620,2737,TIMEX3TimexLinkLink,[]
ES100840.xml,84,2738,2810,TIMEX3TimexLinkLink,[]
ES100840.xml,89,2811,2928,TIMEX3TimexLinkLink,[]
ES100713.xml,24,177,221,TIMEX3TimexLinkLink,[]
ES100713.xml,29,222,394,TIMEX3TimexLinkLink,[]
ES100713.xml,34,398,515,TIMEX3TimexLinkLink,[]
ES100713.xml,39,516,709,TIMEX3TimexLinkLink,[]
ES100713.xml,44,710,936,TIMEX3TimexLinkLink,[]
ES100713.xml,49,940,1121,TIMEX3TimexLinkLink,[]
ES100713.xml,54,1122,1247,TIMEX3TimexLinkLink,[]
ES100713.xml,59,1248,1407,TIMEX3TimexLinkLink,[]
ES100713.xml,64,1408,1494,TIMEX3TimexLinkLink,[]
ES100713.xml,74,1609,1752,TIMEX3TimexLinkLink,[]
ES100713.xml,79,1753,1821,TIMEX3TimexLinkLink,[]
ES100713.xml,84,1822,1944,TIMEX3TimexLinkLink,[]
ES100896.xml,24,149,217,TIMEX3TimexLinkLink,[]
ES100896.xml,29,218,303,TIMEX3TimexLinkLink,[]
ES100896.xml,34,304,364,TIMEX3TimexLinkLink,[]
ES100896.xml,39,366,640,TIMEX3TimexLinkLink,[]
ES100896.xml,44,641,727,TIMEX3TimexLinkLink,[]
ES100896.xml,49,728,804,TIMEX3TimexLinkLink,[]
ES100896.xml,54,805,940,TIMEX3TimexLinkLink,[]
ES100896.xml,59,941,977,TIMEX3TimexLinkLink,[]
ES100896.xml,64,978,1039,TIMEX3TimexLinkLink,[]
ES100896.xml,69,1040,1135,TIMEX3TimexLinkLink,[]
ES100896.xml,74,1136,1174,TIMEX3TimexLinkLink,[]
ES100896.xml,79,1176,1392,TIMEX3TimexLinkLink,[]
ES100896.xml,84,1393,1498,TIMEX3TimexLinkLink,[]
ES100896.xml,89,1499,1630,TIMEX3TimexLinkLink,[]
ES100896.xml,99,1866,1908,TIMEX3TimexLinkLink,[]
ES100064.xml,49,895,940,TIMEX3TimexLinkLink,[]
ES100064.xml,54,942,1159,TIMEX3TimexLinkLink,[]
ES100064.xml,59,1160,1316,TIMEX3TimexLinkLink,[]
ES100064.xml,64,1318,1435,TIMEX3TimexLinkLink,[]
ES100064.xml,69,1437,1782,TIMEX3TimexLinkLink,[]
ES100064.xml,74,1783,1867,TIMEX3TimexLinkLink,[]
ES100064.xml,79,1868,1982,TIMEX3TimexLinkLink,[]
ES100064.xml,84,1983,2268,TIMEX3TimexLinkLink,[]
ES100064.xml,89,2269,2312,TIMEX3TimexLinkLink,[]
ES100064.xml,94,2316,2479,TIMEX3TimexLinkLink,[]
ES100064.xml,99,2481,2663,TIMEX3TimexLinkLink,[]
ES100064.xml,104,2665,2723,TIMEX3TimexLinkLink,[]
ES100064.xml,109,2724,2799,TIMEX3TimexLinkLink,[]
ES100064.xml,129,3092,3157,TIMEX3TimexLinkLink,[]
ES100064.xml,134,3158,3206,TIMEX3TimexLinkLink,[]
ES100273.xml,24,205,282,TIMEX3TimexLinkLink,[]
ES100273.xml,29,284,507,TIMEX3TimexLinkLink,[]
ES100273.xml,34,509,652,TIMEX3TimexLinkLink,[]
ES100273.xml,39,653,786,TIMEX3TimexLinkLink,[]
ES100273.xml,44,787,898,TIMEX3TimexLinkLink,[]
ES100924.xml,24,204,413,TIMEX3TimexLinkLink,[]
ES100924.xml,29,414,476,TIMEX3TimexLinkLink,[]
ES100924.xml,34,477,622,TIMEX3TimexLinkLink,[]
ES100924.xml,39,623,862,TIMEX3TimexLinkLink,[]
ES100924.xml,44,863,953,TIMEX3TimexLinkLink,[]
ES100688.xml,29,581,765,TIMEX3TimexLinkLink,[]
ES100688.xml,34,767,922,TIMEX3TimexLinkLink,[]
ES100688.xml,39,923,1066,TIMEX3TimexLinkLink,[]
ES100688.xml,44,1068,1319,TIMEX3TimexLinkLink,[]
ES100663.xml,19,0,128,TIMEX3TimexLinkLink,[]
ES100663.xml,29,505,506,TIMEX3TimexLinkLink,[]
ES100663.xml,34,508,656,TIMEX3TimexLinkLink,[]
ES100663.xml,39,656,657,TIMEX3TimexLinkLink,[]
ES100663.xml,44,659,792,TIMEX3TimexLinkLink,[]
ES100663.xml,49,792,793,TIMEX3TimexLinkLink,[]
ES100663.xml,54,795,848,TIMEX3TimexLinkLink,[]
ES100663.xml,59,850,1030,TIMEX3TimexLinkLink,[]
ES100663.xml,64,1032,1166,TIMEX3TimexLinkLink,[]
ES100663.xml,69,1167,1262,TIMEX3TimexLinkLink,[]
ES100663.xml,74,1263,1394,TIMEX3TimexLinkLink,[]
ES100663.xml,84,1603,1641,TIMEX3TimexLinkLink,[]
ES100663.xml,89,1641,1642,TIMEX3TimexLinkLink,[]
ES100663.xml,94,1644,1782,TIMEX3TimexLinkLink,[]
ES100663.xml,99,1783,1838,TIMEX3TimexLinkLink,[]
ES100663.xml,104,1838,1839,TIMEX3TimexLinkLink,[]
ES100663.xml,109,1841,2045,TIMEX3TimexLinkLink,[]
ES100663.xml,114,2045,2046,TIMEX3TimexLinkLink,[]
ES100663.xml,119,2048,2149,TIMEX3TimexLinkLink,[]
ES100715.xml,7071,0,204,TIMEX3TimexLinkLink,[]
ES100715.xml,7076,206,342,TIMEX3TimexLinkLink,[]
ES100715.xml,7081,343,401,TIMEX3TimexLinkLink,[]
ES100715.xml,7086,403,542,TIMEX3TimexLinkLink,[]
ES100715.xml,7091,543,647,TIMEX3TimexLinkLink,[]
ES100715.xml,7096,648,719,TIMEX3TimexLinkLink,[]
ES100715.xml,7101,721,1075,TIMEX3TimexLinkLink,[]
ES100715.xml,7106,1076,1177,TIMEX3TimexLinkLink,[]
ES100715.xml,7111,1181,1406,TIMEX3TimexLinkLink,[]
ES100715.xml,7116,1407,1502,TIMEX3TimexLinkLink,[]
ES100715.xml,7121,1506,1603,TIMEX3TimexLinkLink,[]
ES100715.xml,7131,1757,2085,TIMEX3TimexLinkLink,[]
ES100715.xml,7141,2343,2453,TIMEX3TimexLinkLink,[]
ES100715.xml,7146,2454,2759,TIMEX3TimexLinkLink,[]
ES100715.xml,7151,2760,2860,TIMEX3TimexLinkLink,[]
ES100715.xml,7156,2861,3039,TIMEX3TimexLinkLink,[]
ES100715.xml,7161,3040,3183,TIMEX3TimexLinkLink,[]
ES100715.xml,7166,3185,3384,TIMEX3TimexLinkLink,[]
ES100715.xml,7171,3386,3472,TIMEX3TimexLinkLink,[]
ES100098.xml,19,0,93,TIMEX3TimexLinkLink,[]
ES100098.xml,24,94,187,TIMEX3TimexLinkLink,[]
ES100098.xml,29,188,249,TIMEX3TimexLinkLink,[]
ES100098.xml,34,251,369,TIMEX3TimexLinkLink,[]
ES100098.xml,39,370,485,TIMEX3TimexLinkLink,[]
ES100098.xml,44,486,787,TIMEX3TimexLinkLink,[]
ES100098.xml,49,789,1081,TIMEX3TimexLinkLink,[]
ES100098.xml,54,1083,1410,TIMEX3TimexLinkLink,[]
ES100098.xml,64,1667,1696,TIMEX3TimexLinkLink,[]
ES100098.xml,69,1697,1777,TIMEX3TimexLinkLink,[]
ES100098.xml,74,1778,1811,TIMEX3TimexLinkLink,[]
ES100098.xml,79,1812,1852,TIMEX3TimexLinkLink,[]
ES100098.xml,84,1853,1991,TIMEX3TimexLinkLink,[]
ES100098.xml,89,1992,2029,TIMEX3TimexLinkLink,[]
ES100098.xml,94,2031,2261,TIMEX3TimexLinkLink,[]
ES100098.xml,99,2262,2495,TIMEX3TimexLinkLink,[]
ES100098.xml,104,2496,2670,TIMEX3TimexLinkLink,[]
ES100098.xml,109,2672,2759,TIMEX3TimexLinkLink,[]
ES100098.xml,114,2760,2824,TIMEX3TimexLinkLink,[]
ES100098.xml,119,2825,2982,TIMEX3TimexLinkLink,[]
ES100098.xml,124,2983,3177,TIMEX3TimexLinkLink,[]
ES100259.xml,4645,210,306,TIMEX3TimexLinkLink,[]
ES100259.xml,4650,307,403,TIMEX3TimexLinkLink,[]
ES100259.xml,4660,647,781,TIMEX3TimexLinkLink,[]
ES100259.xml,4665,782,1087,TIMEX3TimexLinkLink,[]
ES100259.xml,4670,1088,1247,TIMEX3TimexLinkLink,[]
ES100259.xml,4675,1251,1543,TIMEX3TimexLinkLink,[]
ES100259.xml,4685,1708,1851,TIMEX3TimexLinkLink,[]
ES100259.xml,4690,1852,1989,TIMEX3TimexLinkLink,[]
ES100259.xml,4695,1990,2104,TIMEX3TimexLinkLink,[]
ES100112.xml,19,0,133,TIMEX3TimexLinkLink,[]
ES100112.xml,24,135,399,TIMEX3TimexLinkLink,[]
ES100112.xml,39,578,611,TIMEX3TimexLinkLink,[]
ES100112.xml,44,612,684,TIMEX3TimexLinkLink,[]
ES100112.xml,49,685,717,TIMEX3TimexLinkLink,[]
ES100112.xml,54,718,897,TIMEX3TimexLinkLink,[]
ES100112.xml,59,898,1076,TIMEX3TimexLinkLink,[]
ES100112.xml,64,1077,1311,TIMEX3TimexLinkLink,[]
ES100112.xml,69,1312,1466,TIMEX3TimexLinkLink,[]
ES100112.xml,79,1629,1801,TIMEX3TimexLinkLink,[]
ES100112.xml,84,1802,2020,TIMEX3TimexLinkLink,[]
ES100112.xml,99,2474,2595,TIMEX3TimexLinkLink,[]
ES100112.xml,104,2596,2670,TIMEX3TimexLinkLink,[]
ES100310.xml,1548,411,646,TIMEX3TimexLinkLink,[]
ES100304.xml,19,0,293,TIMEX3TimexLinkLink,[]
ES100304.xml,24,294,400,TIMEX3TimexLinkLink,[]
ES100304.xml,29,401,477,TIMEX3TimexLinkLink,[]
ES100304.xml,34,478,651,TIMEX3TimexLinkLink,[]
ES100304.xml,39,652,754,TIMEX3TimexLinkLink,[]
ES100304.xml,44,755,867,TIMEX3TimexLinkLink,[]
ES100304.xml,49,869,942,TIMEX3TimexLinkLink,[]
ES100304.xml,54,943,1052,TIMEX3TimexLinkLink,[]
ES100304.xml,59,1053,1178,TIMEX3TimexLinkLink,[]
ES100304.xml,64,1179,1291,TIMEX3TimexLinkLink,[]
ES100304.xml,69,1292,1474,TIMEX3TimexLinkLink,[]
ES100304.xml,74,1476,1902,TIMEX3TimexLinkLink,[]
ES100304.xml,84,2134,2627,TIMEX3TimexLinkLink,[]
ES100304.xml,89,2629,2911,TIMEX3TimexLinkLink,[]
